scene_number,script_segment,asset_type,prompt
1,"Four billion miles away, there's a tiny frozen ball of rock and ice that should be completely dead — no weather, no wind, no surprises, just a lump of ice sitting quietly in the dark forever.",video,"Cinematic 3D render of Pluto as a dark, dimly illuminated ice sphere floating alone in pitch black space four billion miles from Earth."
2,"But scientists just found out this little world is doing something that sounds made up: it's cooling itself down on purpose, using nothing but its own sky.",image,Conceptual scientific illustration showing Pluto surrounded by glowing atmospheric haze emitting infrared heat waves into the void.
3,"Out past every planet you've ever heard of, there's a place that is somehow colder than the math says it should be. For years, the idea of how that could happen made real scientists laugh. Then a giant telescope pointed straight at it and proved the joke was true all along.",stock_video,observatory telescope dome night sky starry dark night observatory
4,"This is the story of Pluto — the little world that got voted out of the Planet Club and then turned around and shocked everyone still watching it. Stick with me, because by the end of this you'll know exactly how a ball of ice smaller than our Moon can run its own private refrigerator, and why that one strange fact might be a clue about life itself. Let's start from the beginning.",video,Photorealistic visual of Pluto and its large moon Charon performing their gravitational binary orbital rotation against a starfield.
5,"Section One: A World That Got Colder Than It Should. Back in 1930, a young man named Clyde Tombaugh sat in a small observatory in Arizona, staring at photo after photo of the night sky. His job was boring on purpose — he had to compare pictures taken on different nights and look for one tiny dot that had moved.",stock_video,vintage astronomy laboratory 1930s observatory glass plates research
6,"Almost every night, nothing happened. Then one day, it did. A tiny speck of light had shifted just a little compared to the stars around it. That speck was Pluto.",youtube_video,Clyde Tombaugh discovery of Pluto blink comparator || Pluto discovery photo plates 1930 || Pluto discovery astronomical plates
7,"For the next 76 years, kids everywhere grew up learning Pluto was the ninth planet in our solar system. Then in 2006, a group of scientists got together and voted on new rules for what counts as a planet. Pluto didn't make the cut. It got a new label instead — dwarf planet — and people all over the world were upset about it. It felt like Pluto had been kicked out of a club it belonged to its whole life.",youtube_video,2006 IAU vote Pluto planet demotion || IAU assembly vote dwarf planet Pluto || Pluto demotion news report 2006
8,"Here's the wild part, though: that demotion didn't make Pluto boring. It actually set the stage for one of the strangest discoveries anyone has ever made about a world in our solar system.",video,"Dramatic render of Pluto bathed in ethereal blue atmospheric sunlight, revealing complex terrain."
9,"To understand why, picture just how little we knew about Pluto for most of the last century. Even with our best telescopes on Earth, Pluto looked like nothing more than a fuzzy little smudge of light. We couldn't tell how big it really was. We couldn't see its surface. We had no idea if it even had any kind of sky wrapped around it. Everything people thought they knew about Pluto was really just a guess built on top of another guess.",stock_video,astronomy computer monitor blurred pixelated telescope planetary imagery
10,"Let's put its size into perspective. If Earth were the size of a basketball, Pluto would be smaller than a golf ball, floating about 40 times farther from the Sun than we are. Out there, sunlight is so weak that even standing at high noon on Pluto would feel like a deep, heavy twilight here on Earth.",image,"Conceptual visualization comparing a basketball side-by-side with a golf ball, fading into a landscape lit only by faint twilight sunlight."
11,"The cold out there is almost too extreme to picture. The surface sits somewhere around 380°F below zero — more than 250 degrees colder than the coldest temperature ever recorded anywhere on our entire planet. At that kind of cold, nitrogen — the same gas that fills the air you're breathing right now — freezes solid like rock.",image,Macro detailed image of crystalline nitrogen frost forming dense rock-like solid sheets under extreme freezing temperatures.
12,"So Pluto being cold isn't the surprise. Everyone expected that. The surprise is that it turned out to be colder than even that extreme math predicted. Something out there was making it even chillier than it had any right to be, and for a long time nobody could explain what.",stock_video,scientist analyzing thermal charts temperature graphs laptop dark lab screen
13,"The first real clue came in 2015, when a spacecraft finally got close enough to take a real look. What it found changed everything scientists thought they understood about this little world — and it's exactly where our story needs to go next.",stock_video,space mission control room engineers watching screens telemetry real time
14,"In July 2015, after flying through space for almost 10 years, a small spacecraft called New Horizons finally reached Pluto. It had exactly one chance to get this right — no slowing down, no turning around for another look. It zoomed past at more than 30,000 mph, with only a few minutes to gather everything it possibly could before shooting off into the darkness forever.",youtube_video,New Horizons spacecraft Pluto flyby animation NASA || NASA New Horizons trajectory Pluto encounter || New Horizons flyby Pluto 2015
15,"What it sent back completely broke the picture scientists had built in their heads. Right in the middle of Pluto's surface was a massive pale patch shaped almost perfectly like a heart. It looked smooth and strangely young compared to the old, crater-covered ground surrounding it.",youtube_video,Pluto heart Sputnik Planitia NASA New Horizons || Pluto surface heart shaped region Tombaugh Regio || NASA high res Pluto heart photo
16,"Nearby, mountains made of solid water ice rose more than 10,000 feet into the sky. At those freezing temperatures, water ice doesn't act soft or slippery like it does here — it behaves more like solid rock, hard enough that if you struck it, it would almost ring like metal.",image,3D render of massive jagged water-ice mountain ranges on Pluto rising thousands of feet high into a thin dark atmosphere.
17,"But the detail that really caught everyone off guard was something floating above all of it: layer after layer of soft blue haze, rising hundreds of miles above Pluto's surface, visibly glowing when sunlight hit it from behind. Nobody expected a small, cold, supposedly dead world to have anything like that hanging in its sky.",youtube_video,Pluto backlit blue haze atmosphere NASA || New Horizons atmosphere blue layers Pluto || Pluto twilight haze sunset NASA
18,"Scientists had no way to know what that haze was actually doing. Was it just floating there for show, doing nothing at all — or was it somehow connected to why Pluto felt colder than it should be? New Horizons couldn't answer that. It got its one look, then kept flying deeper into the dark, farther from the Sun than it will ever return from. Whatever secrets that haze was hiding, they were going to stay hidden until scientists found a completely different way to study them.",stock_video,deep space satellite probe receding into dark starry cosmos animation
19,"What they needed wasn't another photograph. Pictures alone couldn't tell them what the haze was made of or what it was doing to the air around it. They needed something that could read Pluto's sky from millions of miles away without ever sending another spacecraft anywhere near it. That tool did exist. It just hadn't been built yet when New Horizons flew by. And once it finally turned its attention toward that little heart-shaped world, everything scientists thought they understood about Pluto's sky was about to get turned upside down.",stock_video,cleanroom engineers building space telescope high tech gold optics
20,"Here's what makes the next part of the story so different from everything before it. New Horizons worked like a camera flying past at top speed, snapping pictures as it went. But the James Webb Space Telescope doesn't work that way at all. Instead of taking a picture, it reads light itself — breaking it apart the way a prism splits sunlight into a rainbow, and using that rainbow to figure out exactly what something is made of, all without ever leaving Earth's part of the solar system.",video,3D visualization of James Webb Space Telescope in deep space receiving light beam and splitting light spectrum prism waves.
21,"Think of it like this: imagine you could tell what someone had for breakfast just by looking closely at their breath from across a room. That's kind of what Webb does — except instead of breath, it's reading tiny bits of light bouncing off a world 4 billion miles away.",image,Conceptual illustration showing an infrared photon beam carrying atomic spectral lines across 4 billion miles of dark space.
22,"There was a problem, though. Pluto and its big moon, Charon, sit so close together in the sky that separating their light was almost impossible for older telescopes. It would be like trying to hear one friend whispering while someone next to them is shouting. Scientists tried for years to catch a clear signal from Pluto's haze alone, and they kept coming up empty — not because the signal wasn't there, but because Charon's light kept drowning it out.",image,Scientific graphic showing overlapping optical light curves from Pluto and Charon blending together before separation.
23,"Then, in 2022, Webb's instruments were finally sharp enough to pull those two signals apart. For the first time ever, scientists could look at Pluto completely on its own — and what they found confirmed something one scientist had guessed years earlier, back when almost nobody believed him.",youtube_video,JWST Pluto observation infrared spectra || James Webb Space Telescope Pluto Charon isolated data || JWST Pluto atmospheric discovery 2022
24,"Back in 2017, a planetary scientist named Xi Zhang, at UC Santa Cruz, had an idea that sounded almost backwards. Everyone knew hazy skies usually work like a blanket, trapping heat close to the ground. Zhang thought Pluto's haze might be doing the exact opposite — soaking up the weak sunlight during the day, then throwing that heat straight back out into space as fast as it could, faster than Pluto's thin sky could ever hold onto it. In other words, instead of acting like a blanket, the haze would be acting like a tiny radiator, quietly bleeding heat away from a world that barely had any heat to spare in the first place.",video,3D animated schematic showing haze particles in Pluto's upper atmosphere absorbing solar energy and rapidly emitting thermal infrared radiation into space.
25,"At the time, a lot of scientists thought this idea was a stretch. There was no way to actually test it yet. That changed in 2025, when a team led by astronomer Tanguy Bertrand of the Paris Observatory used Webb's sharper vision to measure Pluto's sky directly. The results, published that June in the journal Nature Astronomy, matched Zhang's idea almost exactly: Pluto's upper atmosphere really is being cooled by the haze floating inside it — and it turned out to be significantly colder than older models had guessed.",stock_video,scientific research paper reading laptop screen astronomy charts
26,"Let that sink in for a second. Pluto isn't simply cold because it's far from the Sun. In a very real sense, it is actively refrigerating itself, using nothing but the haze floating in its own sky. Scientists are now calling it a completely new kind of climate — one that doesn't match anything else we've ever studied anywhere in the solar system. And here's the bigger question that discovery opened up: if a tiny world like Pluto can quietly chill its own sky using nothing but haze, what else might similar hazy worlds be doing out there that we haven't noticed yet? That haze turned out to be hiding one more secret — and it leads us straight into one of the strangest relationships between any two worlds we've ever found.",video,Cinematic visual of Pluto bathed in cosmic rays showing radiating blue frost waves across its entire hazy sky.
27,"Section Four: The Moon That Catches Pluto's Breath. Pluto has been slowly leaking into space for billions of years. Gas from its thin sky drifts upward, slips past Pluto's weak gravity, and floats off into the dark. Scientists already knew this was happening. What they didn't know for a long time was where all that escaping gas was actually going. It turns out it wasn't just disappearing. Something was catching it.",video,3D space animation showing stream of escaping nitrogen/methane atmospheric gas leaking off Pluto into space vacuum.
28,"Pluto's biggest moon, Charon — a battered ice world — orbits incredibly close to it, so close that the two are locked together in a strange kind of gravitational dance. Most of Charon looks like plain old water ice, cratered and gray, except at its poles. Both poles are stained a deep, unmistakable reddish brown, darker than anything else on the moon. For years, scientists suspected that color was connected somehow to Pluto. They just couldn't prove it.",youtube_video,Charon moon Mordor Macula red pole NASA || Charon red north pole New Horizons || NASA Charon surface feature red stain
29,"Here's how the pieces finally fit together. Because of the way Charon is tilted as it circles Pluto, its north pole spends decades sitting in complete darkness at a time — no sunlight reaches it at all during that stretch. That makes it an incredibly good trap for cold gas. Escaping bits of Pluto's atmosphere drift over, freeze solid onto that dark, frozen pole, and just sit there piling up for years, waiting. When sunlight finally returns to that part of the moon, something strange happens. The frozen gas doesn't just melt away like you'd expect. Instead, sunlight and cosmic rays smash the frozen molecules apart and glue the leftover pieces back together into heavier, reddish compounds. That new material doesn't evaporate — it stays locked onto the surface permanently, deepening that dark stain a little more with every cycle. In other words: two separate worlds — one giving away a piece of its sky, the other quietly catching it and turning it into color — have been locked in this slow trade for longer than either one has even had a name.",video,"Animation of ultraviolet sunlight striking methane ice frost on Charon's dark pole, transforming chemical structure into dark reddish tholin crust."
30,"Charon had one more surprise waiting. In 2024, a team led by planetary scientist Silvia Protopapa used Webb to look closer at Charon's surface and confirmed something nobody had detected there before: frozen onto the moon was a mix of carbon dioxide — the same gas leaving your lungs with every breath — and hydrogen peroxide, the same compound sometimes used to clean out a cut. The carbon dioxide likely came from material buried underground, dug up by ancient impacts. The hydrogen peroxide seems to have formed slowly over time as radiation kept striking Charon's water ice and rearranging it into something new. Just when scientists thought they had Charon figured out as a plain, boring ice ball, it turned out to be far more chemically interesting than anyone expected. So by this point, here's what we actually know: Pluto is cooling its own sky using haze. That same haze is slowly leaking away, drifting onto its moon and painting that moon's poles a deep, permanent red. Two frozen worlds, locked together, quietly trading pieces of themselves back and forth for billions of years. But Pluto still had one more layer of mystery buried underneath all of that — and this next part might be the strangest piece of the whole story.",image,Scientific graphic overlay of carbon dioxide and hydrogen peroxide molecule structures embedded in cratered water ice.
31,"Section Five: What Might Be Hiding Under the Ice. Let's go back to Pluto's surface for a moment, because New Horizons photographed something down there that nobody had ever seen anywhere else in the solar system. In a region scientists named Tartarus Dorsa, tall jagged blades of ice rise up in long rows, some reaching more than 1,500 feet high — all made of frozen methane. Similar, much smaller versions of these blades actually exist here on Earth, in certain high-mountain deserts, where they rarely grow taller than an average person. On Pluto, that same basic process seems to have played out on a massive scale over a much longer stretch of time. A 2025 re-analysis of the New Horizons data suggests these towering ice blades might wrap around as much as 60% of Pluto's equator, like a jagged ring of frozen teeth circling the whole little world.",video,"Cinematic flyover render of towering 1,500-foot tall jagged blades of methane ice lining Tartarus Dorsa region."
32,"Not far from that famous heart-shaped plain, there are two enormous, isolated mountains that scientists still can't fully explain. One rises about 13,000 feet high. The other might reach nearly 20,000 feet — wide enough at the base to rival some of the biggest volcanoes on Earth. Both have deep depressions at their peaks, ringed by cracks with lumpy sides that look almost exactly like cooled lava flows. Except there's no molten rock on Pluto. If these mountains really are what they look like, they're ice volcanoes — places that once pushed up a thick, slushy mix of water, ammonia, and methane from somewhere deep beneath Pluto's frozen shell.",video,"3D visualization of massive ice volcano Wright Mons oozing icy slush mixture of water, ammonia, and methane onto frozen crust."
33,"And that raises the single biggest question hanging over this entire story: if something down there was warm enough to push liquid material all the way up through miles of solid ice, what if that warmth is still down there right now? Scientists think it's possible Pluto is hiding a liquid ocean buried about 100 miles beneath its icy crust, kept from freezing solid by heat still leaking out of Pluto's rocky core. There's no photograph proving this — it's a pattern. Cracks across the surface line up exactly the way you'd expect if a layer of liquid water were shifting slowly underneath. And that same heart-shaped plain sits directly above a spot where something denser than the surrounding ice seems to be sitting underneath, almost like a heavy weight pressing down from below.",image,"Cross-section 3D diagram revealing Pluto's interior: outer icy crust, liquid subsurface ocean layer, and warm rocky interior core."
34,"If that hidden ocean is really there, it's been sealed away from sunlight for billions of years, sitting in total darkness under crushing pressure, fed only occasionally by material seeping down through cracks above it. That would make it one of the strangest possible places in the solar system where the basic ingredients for life might exist — cut off completely from any star at all. And there's one more piece to this puzzle that ties everything together. Even the faint trickle of sunlight reaching Pluto is enough to break apart methane gas high in its sky. Those broken pieces don't just disappear — they slowly rebuild themselves into heavier, reddish-brown particles that drift down and settle onto Pluto's surface. That same kind of material belongs to a group of molecules some scientists believe may have once rained down onto early Earth, possibly helping supply the raw ingredients life eventually grew from. On Pluto, that exact same process has been quietly running for roughly 4 billion years — a slow, steady snowfall of the building blocks of life, falling forever onto a world simply too frozen for any of it to ever spark into something alive.",video,Atmospheric macro animation showing organic tholin snowfall particles settling through dark freezing fluid ocean depths.
35,"So here's where that leaves us. Pluto was never really the dead end everyone assumed it was back when it lost its planet title in 2006. It turned out to be the beginning of a whole new set of questions. It sits inside a massive, mostly unexplored region called the Kuiper Belt, home to hundreds of thousands of icy worlds we've barely glanced at. If one small, frozen, formerly dismissed dwarf planet was hiding all of this — a self-cooling sky, a moon quietly stealing its air, possible ice volcanoes, and maybe even a hidden ocean — it's worth wondering what else might be sitting out there in the dark, waiting for us to finally take a closer look.",stock_video,kuiper belt ice comets asteroids dark solar system space animation
36,"Before you go, I want to know what you think. If there really is a hidden ocean sitting under all that ice on Pluto, sealed away in total darkness for billions of years — what do you think could be down there? Or do you think it's just water, and nothing more? Drop your answer in the comments — I read every single one.",stock_video,deep space stars cosmic dust telescope field zoom starry night
